INSERT INTO restaurant (id, name, code) VALUES (1, 'Cantina Crasto', 'crasto');
INSERT INTO restaurant (id, name, code) VALUES (2, 'Cantina Santiago', 'santiago');
INSERT INTO restaurant (id, name, code) VALUES (3, 'Grelhados', 'grelhados');
INSERT INTO restaurant (id, name, code) VALUES (4, 'Cantina TrêsDê', 'tresde');
INSERT INTO restaurant (id, name, code) VALUES (5, 'Cantina ESTGA', 'estga');
INSERT INTO restaurant (id, name, code) VALUES (6, 'Rest. Universitário', 'universitario');
INSERT INTO restaurant (id, name, code) VALUES (7, 'Vegetariano', 'vegetariano');
INSERT INTO meal (id, date, description, available_quantity, restaurant_id) VALUES (1, '2025-04-08', 'Lasanha vegetariana', 15, 1);
INSERT INTO meal (id, date, description, available_quantity, restaurant_id) VALUES (2, '2025-04-08', 'Caril de grão', 17, 1);
INSERT INTO meal (id, date, description, available_quantity, restaurant_id) VALUES (3, '2025-04-08', 'Feijoada', 16, 1);
INSERT INTO meal (id, date, description, available_quantity, restaurant_id) VALUES (4, '2025-04-08', 'Tofu grelhado', 14, 1);
INSERT INTO meal (id, date, description, available_quantity, restaurant_id) VALUES (5, '2025-04-09', 'Frango assado', 22, 1);
INSERT INTO meal (id, date, description, available_quantity, restaurant_id) VALUES (6, '2025-04-09', 'Tofu grelhado', 12, 1);
INSERT INTO meal (id, date, description, available_quantity, restaurant_id) VALUES (7, '2025-04-09', 'Bacalhau à brás', 23, 1);
INSERT INTO meal (id, date, description, available_quantity, restaurant_id) VALUES (8, '2025-04-09', 'Lasanha vegetariana', 15, 1);
INSERT INTO meal (id, date, description, available_quantity, restaurant_id) VALUES (9, '2025-04-10', 'Feijoada', 21, 1);
INSERT INTO meal (id, date, description, available_quantity, restaurant_id) VALUES (10, '2025-04-10', 'Arroz de pato', 23, 1);
INSERT INTO meal (id, date, description, available_quantity, restaurant_id) VALUES (11, '2025-04-10', 'Esparguete à bolonhesa', 15, 1);
INSERT INTO meal (id, date, description, available_quantity, restaurant_id) VALUES (12, '2025-04-10', 'Caril de grão', 19, 1);
INSERT INTO meal (id, date, description, available_quantity, restaurant_id) VALUES (13, '2025-04-11', 'Sopa de legumes', 26, 1);
INSERT INTO meal (id, date, description, available_quantity, restaurant_id) VALUES (14, '2025-04-11', 'Caril de grão', 28, 1);
INSERT INTO meal (id, date, description, available_quantity, restaurant_id) VALUES (15, '2025-04-11', 'Lasanha vegetariana', 16, 1);
INSERT INTO meal (id, date, description, available_quantity, restaurant_id) VALUES (16, '2025-04-11', 'Bacalhau à brás', 11, 1);
INSERT INTO meal (id, date, description, available_quantity, restaurant_id) VALUES (17, '2025-04-12', 'Sopa de legumes', 29, 1);
INSERT INTO meal (id, date, description, available_quantity, restaurant_id) VALUES (18, '2025-04-12', 'Bacalhau à brás', 10, 1);
INSERT INTO meal (id, date, description, available_quantity, restaurant_id) VALUES (19, '2025-04-12', 'Feijoada', 12, 1);
INSERT INTO meal (id, date, description, available_quantity, restaurant_id) VALUES (20, '2025-04-12', 'Tofu grelhado', 25, 1);
INSERT INTO meal (id, date, description, available_quantity, restaurant_id) VALUES (21, '2025-04-08', 'Sopa de legumes', 21, 2);
INSERT INTO meal (id, date, description, available_quantity, restaurant_id) VALUES (22, '2025-04-08', 'Esparguete à bolonhesa', 21, 2);
INSERT INTO meal (id, date, description, available_quantity, restaurant_id) VALUES (23, '2025-04-08', 'Tofu grelhado', 24, 2);
INSERT INTO meal (id, date, description, available_quantity, restaurant_id) VALUES (24, '2025-04-08', 'Frango assado', 25, 2);
INSERT INTO meal (id, date, description, available_quantity, restaurant_id) VALUES (25, '2025-04-09', 'Frango assado', 27, 2);
INSERT INTO meal (id, date, description, available_quantity, restaurant_id) VALUES (26, '2025-04-09', 'Lasanha vegetariana', 17, 2);
INSERT INTO meal (id, date, description, available_quantity, restaurant_id) VALUES (27, '2025-04-09', 'Esparguete à bolonhesa', 14, 2);
INSERT INTO meal (id, date, description, available_quantity, restaurant_id) VALUES (28, '2025-04-09', 'Feijoada', 13, 2);
INSERT INTO meal (id, date, description, available_quantity, restaurant_id) VALUES (29, '2025-04-10', 'Bacalhau à brás', 23, 2);
INSERT INTO meal (id, date, description, available_quantity, restaurant_id) VALUES (30, '2025-04-10', 'Arroz de pato', 27, 2);
INSERT INTO meal (id, date, description, available_quantity, restaurant_id) VALUES (31, '2025-04-10', 'Frango assado', 15, 2);
INSERT INTO meal (id, date, description, available_quantity, restaurant_id) VALUES (32, '2025-04-10', 'Feijoada', 29, 2);
INSERT INTO meal (id, date, description, available_quantity, restaurant_id) VALUES (33, '2025-04-11', 'Caril de grão', 30, 2);
INSERT INTO meal (id, date, description, available_quantity, restaurant_id) VALUES (34, '2025-04-11', 'Tofu grelhado', 21, 2);
INSERT INTO meal (id, date, description, available_quantity, restaurant_id) VALUES (35, '2025-04-11', 'Esparguete à bolonhesa', 22, 2);
INSERT INTO meal (id, date, description, available_quantity, restaurant_id) VALUES (36, '2025-04-11', 'Lasanha vegetariana', 23, 2);
INSERT INTO meal (id, date, description, available_quantity, restaurant_id) VALUES (37, '2025-04-12', 'Frango assado', 21, 2);
INSERT INTO meal (id, date, description, available_quantity, restaurant_id) VALUES (38, '2025-04-12', 'Lasanha vegetariana', 17, 2);
INSERT INTO meal (id, date, description, available_quantity, restaurant_id) VALUES (39, '2025-04-12', 'Bacalhau à brás', 23, 2);
INSERT INTO meal (id, date, description, available_quantity, restaurant_id) VALUES (40, '2025-04-12', 'Tofu grelhado', 26, 2);
INSERT INTO meal (id, date, description, available_quantity, restaurant_id) VALUES (41, '2025-04-08', 'Feijoada', 28, 3);
INSERT INTO meal (id, date, description, available_quantity, restaurant_id) VALUES (42, '2025-04-08', 'Bacalhau à brás', 16, 3);
INSERT INTO meal (id, date, description, available_quantity, restaurant_id) VALUES (43, '2025-04-08', 'Tofu grelhado', 25, 3);
INSERT INTO meal (id, date, description, available_quantity, restaurant_id) VALUES (44, '2025-04-08', 'Sopa de legumes', 21, 3);
INSERT INTO meal (id, date, description, available_quantity, restaurant_id) VALUES (45, '2025-04-09', 'Caril de grão', 29, 3);
INSERT INTO meal (id, date, description, available_quantity, restaurant_id) VALUES (46, '2025-04-09', 'Frango assado', 30, 3);
INSERT INTO meal (id, date, description, available_quantity, restaurant_id) VALUES (47, '2025-04-09', 'Sopa de legumes', 10, 3);
INSERT INTO meal (id, date, description, available_quantity, restaurant_id) VALUES (48, '2025-04-09', 'Arroz de pato', 29, 3);
INSERT INTO meal (id, date, description, available_quantity, restaurant_id) VALUES (49, '2025-04-10', 'Frango assado', 21, 3);
INSERT INTO meal (id, date, description, available_quantity, restaurant_id) VALUES (50, '2025-04-10', 'Esparguete à bolonhesa', 19, 3);
INSERT INTO meal (id, date, description, available_quantity, restaurant_id) VALUES (51, '2025-04-10', 'Caril de grão', 19, 3);
INSERT INTO meal (id, date, description, available_quantity, restaurant_id) VALUES (52, '2025-04-10', 'Bacalhau à brás', 11, 3);
INSERT INTO meal (id, date, description, available_quantity, restaurant_id) VALUES (53, '2025-04-11', 'Caril de grão', 24, 3);
INSERT INTO meal (id, date, description, available_quantity, restaurant_id) VALUES (54, '2025-04-11', 'Sopa de legumes', 20, 3);
INSERT INTO meal (id, date, description, available_quantity, restaurant_id) VALUES (55, '2025-04-11', 'Esparguete à bolonhesa', 15, 3);
INSERT INTO meal (id, date, description, available_quantity, restaurant_id) VALUES (56, '2025-04-11', 'Lasanha vegetariana', 26, 3);
INSERT INTO meal (id, date, description, available_quantity, restaurant_id) VALUES (57, '2025-04-12', 'Frango assado', 28, 3);
INSERT INTO meal (id, date, description, available_quantity, restaurant_id) VALUES (58, '2025-04-12', 'Feijoada', 23, 3);
INSERT INTO meal (id, date, description, available_quantity, restaurant_id) VALUES (59, '2025-04-12', 'Tofu grelhado', 10, 3);
INSERT INTO meal (id, date, description, available_quantity, restaurant_id) VALUES (60, '2025-04-12', 'Bacalhau à brás', 18, 3);
INSERT INTO meal (id, date, description, available_quantity, restaurant_id) VALUES (61, '2025-04-08', 'Arroz de pato', 24, 4);
INSERT INTO meal (id, date, description, available_quantity, restaurant_id) VALUES (62, '2025-04-08', 'Sopa de legumes', 30, 4);
INSERT INTO meal (id, date, description, available_quantity, restaurant_id) VALUES (63, '2025-04-08', 'Lasanha vegetariana', 23, 4);
INSERT INTO meal (id, date, description, available_quantity, restaurant_id) VALUES (64, '2025-04-08', 'Bacalhau à brás', 14, 4);
INSERT INTO meal (id, date, description, available_quantity, restaurant_id) VALUES (65, '2025-04-09', 'Bacalhau à brás', 24, 4);
INSERT INTO meal (id, date, description, available_quantity, restaurant_id) VALUES (66, '2025-04-09', 'Lasanha vegetariana', 28, 4);
INSERT INTO meal (id, date, description, available_quantity, restaurant_id) VALUES (67, '2025-04-09', 'Esparguete à bolonhesa', 15, 4);
INSERT INTO meal (id, date, description, available_quantity, restaurant_id) VALUES (68, '2025-04-09', 'Sopa de legumes', 20, 4);
INSERT INTO meal (id, date, description, available_quantity, restaurant_id) VALUES (69, '2025-04-10', 'Lasanha vegetariana', 15, 4);
INSERT INTO meal (id, date, description, available_quantity, restaurant_id) VALUES (70, '2025-04-10', 'Feijoada', 28, 4);
INSERT INTO meal (id, date, description, available_quantity, restaurant_id) VALUES (71, '2025-04-10', 'Arroz de pato', 26, 4);
INSERT INTO meal (id, date, description, available_quantity, restaurant_id) VALUES (72, '2025-04-10', 'Tofu grelhado', 18, 4);
INSERT INTO meal (id, date, description, available_quantity, restaurant_id) VALUES (73, '2025-04-11', 'Caril de grão', 21, 4);
INSERT INTO meal (id, date, description, available_quantity, restaurant_id) VALUES (74, '2025-04-11', 'Feijoada', 20, 4);
INSERT INTO meal (id, date, description, available_quantity, restaurant_id) VALUES (75, '2025-04-11', 'Tofu grelhado', 12, 4);
INSERT INTO meal (id, date, description, available_quantity, restaurant_id) VALUES (76, '2025-04-11', 'Esparguete à bolonhesa', 17, 4);
INSERT INTO meal (id, date, description, available_quantity, restaurant_id) VALUES (77, '2025-04-12', 'Esparguete à bolonhesa', 18, 4);
INSERT INTO meal (id, date, description, available_quantity, restaurant_id) VALUES (78, '2025-04-12', 'Tofu grelhado', 11, 4);
INSERT INTO meal (id, date, description, available_quantity, restaurant_id) VALUES (79, '2025-04-12', 'Bacalhau à brás', 23, 4);
INSERT INTO meal (id, date, description, available_quantity, restaurant_id) VALUES (80, '2025-04-12', 'Sopa de legumes', 10, 4);
INSERT INTO meal (id, date, description, available_quantity, restaurant_id) VALUES (81, '2025-04-08', 'Caril de grão', 28, 5);
INSERT INTO meal (id, date, description, available_quantity, restaurant_id) VALUES (82, '2025-04-08', 'Tofu grelhado', 19, 5);
INSERT INTO meal (id, date, description, available_quantity, restaurant_id) VALUES (83, '2025-04-08', 'Frango assado', 13, 5);
INSERT INTO meal (id, date, description, available_quantity, restaurant_id) VALUES (84, '2025-04-08', 'Bacalhau à brás', 27, 5);
INSERT INTO meal (id, date, description, available_quantity, restaurant_id) VALUES (85, '2025-04-09', 'Sopa de legumes', 30, 5);
INSERT INTO meal (id, date, description, available_quantity, restaurant_id) VALUES (86, '2025-04-09', 'Tofu grelhado', 14, 5);
INSERT INTO meal (id, date, description, available_quantity, restaurant_id) VALUES (87, '2025-04-09', 'Esparguete à bolonhesa', 17, 5);
INSERT INTO meal (id, date, description, available_quantity, restaurant_id) VALUES (88, '2025-04-09', 'Arroz de pato', 26, 5);
INSERT INTO meal (id, date, description, available_quantity, restaurant_id) VALUES (89, '2025-04-10', 'Bacalhau à brás', 29, 5);
INSERT INTO meal (id, date, description, available_quantity, restaurant_id) VALUES (90, '2025-04-10', 'Feijoada', 12, 5);
INSERT INTO meal (id, date, description, available_quantity, restaurant_id) VALUES (91, '2025-04-10', 'Esparguete à bolonhesa', 27, 5);
INSERT INTO meal (id, date, description, available_quantity, restaurant_id) VALUES (92, '2025-04-10', 'Tofu grelhado', 27, 5);
INSERT INTO meal (id, date, description, available_quantity, restaurant_id) VALUES (93, '2025-04-11', 'Arroz de pato', 15, 5);
INSERT INTO meal (id, date, description, available_quantity, restaurant_id) VALUES (94, '2025-04-11', 'Tofu grelhado', 18, 5);
INSERT INTO meal (id, date, description, available_quantity, restaurant_id) VALUES (95, '2025-04-11', 'Frango assado', 19, 5);
INSERT INTO meal (id, date, description, available_quantity, restaurant_id) VALUES (96, '2025-04-11', 'Sopa de legumes', 22, 5);
INSERT INTO meal (id, date, description, available_quantity, restaurant_id) VALUES (97, '2025-04-12', 'Arroz de pato', 21, 5);
INSERT INTO meal (id, date, description, available_quantity, restaurant_id) VALUES (98, '2025-04-12', 'Tofu grelhado', 11, 5);
INSERT INTO meal (id, date, description, available_quantity, restaurant_id) VALUES (99, '2025-04-12', 'Bacalhau à brás', 27, 5);
INSERT INTO meal (id, date, description, available_quantity, restaurant_id) VALUES (100, '2025-04-12', 'Sopa de legumes', 26, 5);
INSERT INTO meal (id, date, description, available_quantity, restaurant_id) VALUES (101, '2025-04-08', 'Lasanha vegetariana', 12, 6);
INSERT INTO meal (id, date, description, available_quantity, restaurant_id) VALUES (102, '2025-04-08', 'Caril de grão', 19, 6);
INSERT INTO meal (id, date, description, available_quantity, restaurant_id) VALUES (103, '2025-04-08', 'Bacalhau à brás', 11, 6);
INSERT INTO meal (id, date, description, available_quantity, restaurant_id) VALUES (104, '2025-04-08', 'Arroz de pato', 28, 6);
INSERT INTO meal (id, date, description, available_quantity, restaurant_id) VALUES (105, '2025-04-09', 'Lasanha vegetariana', 15, 6);
INSERT INTO meal (id, date, description, available_quantity, restaurant_id) VALUES (106, '2025-04-09', 'Esparguete à bolonhesa', 13, 6);
INSERT INTO meal (id, date, description, available_quantity, restaurant_id) VALUES (107, '2025-04-09', 'Sopa de legumes', 21, 6);
INSERT INTO meal (id, date, description, available_quantity, restaurant_id) VALUES (108, '2025-04-09', 'Arroz de pato', 10, 6);
INSERT INTO meal (id, date, description, available_quantity, restaurant_id) VALUES (109, '2025-04-10', 'Lasanha vegetariana', 21, 6);
INSERT INTO meal (id, date, description, available_quantity, restaurant_id) VALUES (110, '2025-04-10', 'Sopa de legumes', 23, 6);
INSERT INTO meal (id, date, description, available_quantity, restaurant_id) VALUES (111, '2025-04-10', 'Tofu grelhado', 11, 6);
INSERT INTO meal (id, date, description, available_quantity, restaurant_id) VALUES (112, '2025-04-10', 'Bacalhau à brás', 28, 6);
INSERT INTO meal (id, date, description, available_quantity, restaurant_id) VALUES (113, '2025-04-11', 'Lasanha vegetariana', 26, 6);
INSERT INTO meal (id, date, description, available_quantity, restaurant_id) VALUES (114, '2025-04-11', 'Arroz de pato', 12, 6);
INSERT INTO meal (id, date, description, available_quantity, restaurant_id) VALUES (115, '2025-04-11', 'Sopa de legumes', 30, 6);
INSERT INTO meal (id, date, description, available_quantity, restaurant_id) VALUES (116, '2025-04-11', 'Tofu grelhado', 18, 6);
INSERT INTO meal (id, date, description, available_quantity, restaurant_id) VALUES (117, '2025-04-12', 'Caril de grão', 14, 6);
INSERT INTO meal (id, date, description, available_quantity, restaurant_id) VALUES (118, '2025-04-12', 'Lasanha vegetariana', 14, 6);
INSERT INTO meal (id, date, description, available_quantity, restaurant_id) VALUES (119, '2025-04-12', 'Sopa de legumes', 20, 6);
INSERT INTO meal (id, date, description, available_quantity, restaurant_id) VALUES (120, '2025-04-12', 'Frango assado', 11, 6);
INSERT INTO meal (id, date, description, available_quantity, restaurant_id) VALUES (121, '2025-04-08', 'Bacalhau à brás', 10, 7);
INSERT INTO meal (id, date, description, available_quantity, restaurant_id) VALUES (122, '2025-04-08', 'Feijoada', 19, 7);
INSERT INTO meal (id, date, description, available_quantity, restaurant_id) VALUES (123, '2025-04-08', 'Sopa de legumes', 24, 7);
INSERT INTO meal (id, date, description, available_quantity, restaurant_id) VALUES (124, '2025-04-08', 'Tofu grelhado', 20, 7);
INSERT INTO meal (id, date, description, available_quantity, restaurant_id) VALUES (125, '2025-04-09', 'Bacalhau à brás', 18, 7);
INSERT INTO meal (id, date, description, available_quantity, restaurant_id) VALUES (126, '2025-04-09', 'Frango assado', 29, 7);
INSERT INTO meal (id, date, description, available_quantity, restaurant_id) VALUES (127, '2025-04-09', 'Feijoada', 17, 7);
INSERT INTO meal (id, date, description, available_quantity, restaurant_id) VALUES (128, '2025-04-09', 'Esparguete à bolonhesa', 15, 7);
INSERT INTO meal (id, date, description, available_quantity, restaurant_id) VALUES (129, '2025-04-10', 'Esparguete à bolonhesa', 13, 7);
INSERT INTO meal (id, date, description, available_quantity, restaurant_id) VALUES (130, '2025-04-10', 'Tofu grelhado', 26, 7);
INSERT INTO meal (id, date, description, available_quantity, restaurant_id) VALUES (131, '2025-04-10', 'Sopa de legumes', 29, 7);
INSERT INTO meal (id, date, description, available_quantity, restaurant_id) VALUES (132, '2025-04-10', 'Feijoada', 15, 7);
INSERT INTO meal (id, date, description, available_quantity, restaurant_id) VALUES (133, '2025-04-11', 'Arroz de pato', 20, 7);
INSERT INTO meal (id, date, description, available_quantity, restaurant_id) VALUES (134, '2025-04-11', 'Bacalhau à brás', 24, 7);
INSERT INTO meal (id, date, description, available_quantity, restaurant_id) VALUES (135, '2025-04-11', 'Feijoada', 21, 7);
INSERT INTO meal (id, date, description, available_quantity, restaurant_id) VALUES (136, '2025-04-11', 'Esparguete à bolonhesa', 19, 7);
INSERT INTO meal (id, date, description, available_quantity, restaurant_id) VALUES (137, '2025-04-12', 'Sopa de legumes', 16, 7);
INSERT INTO meal (id, date, description, available_quantity, restaurant_id) VALUES (138, '2025-04-12', 'Caril de grão', 20, 7);
INSERT INTO meal (id, date, description, available_quantity, restaurant_id) VALUES (139, '2025-04-12', 'Arroz de pato', 10, 7);
INSERT INTO meal (id, date, description, available_quantity, restaurant_id) VALUES (140, '2025-04-12', 'Feijoada', 23, 7);
INSERT INTO reservation (ID, TOKEN, DATE, MENU, USED, QUANTITY, RESTAURANT_ID) VALUES (1202, 'EE6BF8', '2025-04-09', 'Arroz de pato', FALSE, 1, 3);
INSERT INTO reservation (ID, TOKEN, DATE, MENU, USED, QUANTITY, RESTAURANT_ID) VALUES (1203, 'EE6BF8', '2025-04-09', 'Caril de grão', FALSE, 1, 3);
INSERT INTO reservation (ID, TOKEN, DATE, MENU, USED, QUANTITY, RESTAURANT_ID) VALUES (1204, 'EE6BF8', '2025-04-09', 'Frango assado', FALSE, 1, 3);
INSERT INTO reservation (ID, TOKEN, DATE, MENU, USED, QUANTITY, RESTAURANT_ID) VALUES (1205, 'EE6BF8', '2025-04-09', 'Sopa de legumes', FALSE, 1, 3);
INSERT INTO meal (id, date, description, available_quantity, restaurant_id) VALUES (141, '2025-04-13', 'Feijoada', 19, 1);
INSERT INTO meal (id, date, description, available_quantity, restaurant_id) VALUES (142, '2025-04-13', 'Caril de grão', 17, 1);
INSERT INTO meal (id, date, description, available_quantity, restaurant_id) VALUES (143, '2025-04-13', 'Arroz de pato', 21, 1);
INSERT INTO meal (id, date, description, available_quantity, restaurant_id) VALUES (144, '2025-04-13', 'Sopa de legumes', 11, 1);
INSERT INTO meal (id, date, description, available_quantity, restaurant_id) VALUES (145, '2025-04-14', 'Lasanha vegetariana', 14, 1);
INSERT INTO meal (id, date, description, available_quantity, restaurant_id) VALUES (146, '2025-04-14', 'Sopa de legumes', 15, 1);
INSERT INTO meal (id, date, description, available_quantity, restaurant_id) VALUES (147, '2025-04-14', 'Esparguete à bolonhesa', 10, 1);
INSERT INTO meal (id, date, description, available_quantity, restaurant_id) VALUES (148, '2025-04-14', 'Bacalhau à brás', 12, 1);
INSERT INTO meal (id, date, description, available_quantity, restaurant_id) VALUES (149, '2025-04-15', 'Arroz de pato', 25, 1);
INSERT INTO meal (id, date, description, available_quantity, restaurant_id) VALUES (150, '2025-04-15', 'Lasanha vegetariana', 13, 1);
INSERT INTO meal (id, date, description, available_quantity, restaurant_id) VALUES (151, '2025-04-15', 'Tofu grelhado', 17, 1);
INSERT INTO meal (id, date, description, available_quantity, restaurant_id) VALUES (152, '2025-04-15', 'Bacalhau à brás', 25, 1);
INSERT INTO meal (id, date, description, available_quantity, restaurant_id) VALUES (153, '2025-04-16', 'Arroz de pato', 23, 1);
INSERT INTO meal (id, date, description, available_quantity, restaurant_id) VALUES (154, '2025-04-16', 'Lasanha vegetariana', 18, 1);
INSERT INTO meal (id, date, description, available_quantity, restaurant_id) VALUES (155, '2025-04-16', 'Bacalhau à brás', 28, 1);
INSERT INTO meal (id, date, description, available_quantity, restaurant_id) VALUES (156, '2025-04-16', 'Sopa de legumes', 11, 1);
INSERT INTO meal (id, date, description, available_quantity, restaurant_id) VALUES (157, '2025-04-17', 'Feijoada', 23, 1);
INSERT INTO meal (id, date, description, available_quantity, restaurant_id) VALUES (158, '2025-04-17', 'Bacalhau à brás', 22, 1);
INSERT INTO meal (id, date, description, available_quantity, restaurant_id) VALUES (159, '2025-04-17', 'Esparguete à bolonhesa', 27, 1);
INSERT INTO meal (id, date, description, available_quantity, restaurant_id) VALUES (160, '2025-04-17', 'Caril de grão', 24, 1);
INSERT INTO meal (id, date, description, available_quantity, restaurant_id) VALUES (161, '2025-04-18', 'Sopa de legumes', 30, 1);
INSERT INTO meal (id, date, description, available_quantity, restaurant_id) VALUES (162, '2025-04-18', 'Esparguete à bolonhesa', 20, 1);
INSERT INTO meal (id, date, description, available_quantity, restaurant_id) VALUES (163, '2025-04-18', 'Feijoada', 16, 1);
INSERT INTO meal (id, date, description, available_quantity, restaurant_id) VALUES (164, '2025-04-18', 'Tofu grelhado', 15, 1);
INSERT INTO meal (id, date, description, available_quantity, restaurant_id) VALUES (165, '2025-04-19', 'Feijoada', 27, 1);
INSERT INTO meal (id, date, description, available_quantity, restaurant_id) VALUES (166, '2025-04-19', 'Tofu grelhado', 10, 1);
INSERT INTO meal (id, date, description, available_quantity, restaurant_id) VALUES (167, '2025-04-19', 'Bacalhau à brás', 16, 1);
INSERT INTO meal (id, date, description, available_quantity, restaurant_id) VALUES (168, '2025-04-19', 'Caril de grão', 28, 1);
INSERT INTO meal (id, date, description, available_quantity, restaurant_id) VALUES (169, '2025-04-20', 'Arroz de pato', 16, 1);
INSERT INTO meal (id, date, description, available_quantity, restaurant_id) VALUES (170, '2025-04-20', 'Bacalhau à brás', 27, 1);
INSERT INTO meal (id, date, description, available_quantity, restaurant_id) VALUES (171, '2025-04-20', 'Frango assado', 27, 1);
INSERT INTO meal (id, date, description, available_quantity, restaurant_id) VALUES (172, '2025-04-20', 'Caril de grão', 13, 1);
INSERT INTO meal (id, date, description, available_quantity, restaurant_id) VALUES (173, '2025-04-21', 'Bacalhau à brás', 20, 1);
INSERT INTO meal (id, date, description, available_quantity, restaurant_id) VALUES (174, '2025-04-21', 'Feijoada', 27, 1);
INSERT INTO meal (id, date, description, available_quantity, restaurant_id) VALUES (175, '2025-04-21', 'Lasanha vegetariana', 22, 1);
INSERT INTO meal (id, date, description, available_quantity, restaurant_id) VALUES (176, '2025-04-21', 'Frango assado', 29, 1);
INSERT INTO meal (id, date, description, available_quantity, restaurant_id) VALUES (177, '2025-04-22', 'Lasanha vegetariana', 19, 1);
INSERT INTO meal (id, date, description, available_quantity, restaurant_id) VALUES (178, '2025-04-22', 'Feijoada', 18, 1);
INSERT INTO meal (id, date, description, available_quantity, restaurant_id) VALUES (179, '2025-04-22', 'Frango assado', 19, 1);
INSERT INTO meal (id, date, description, available_quantity, restaurant_id) VALUES (180, '2025-04-22', 'Bacalhau à brás', 22, 1);
INSERT INTO meal (id, date, description, available_quantity, restaurant_id) VALUES (181, '2025-04-23', 'Arroz de pato', 28, 1);
INSERT INTO meal (id, date, description, available_quantity, restaurant_id) VALUES (182, '2025-04-23', 'Caril de grão', 17, 1);
INSERT INTO meal (id, date, description, available_quantity, restaurant_id) VALUES (183, '2025-04-23', 'Sopa de legumes', 21, 1);
INSERT INTO meal (id, date, description, available_quantity, restaurant_id) VALUES (184, '2025-04-23', 'Tofu grelhado', 29, 1);
INSERT INTO meal (id, date, description, available_quantity, restaurant_id) VALUES (185, '2025-04-24', 'Feijoada', 24, 1);
INSERT INTO meal (id, date, description, available_quantity, restaurant_id) VALUES (186, '2025-04-24', 'Sopa de legumes', 27, 1);
INSERT INTO meal (id, date, description, available_quantity, restaurant_id) VALUES (187, '2025-04-24', 'Caril de grão', 29, 1);
INSERT INTO meal (id, date, description, available_quantity, restaurant_id) VALUES (188, '2025-04-24', 'Arroz de pato', 19, 1);
INSERT INTO meal (id, date, description, available_quantity, restaurant_id) VALUES (189, '2025-04-25', 'Arroz de pato', 18, 1);
INSERT INTO meal (id, date, description, available_quantity, restaurant_id) VALUES (190, '2025-04-25', 'Esparguete à bolonhesa', 21, 1);
INSERT INTO meal (id, date, description, available_quantity, restaurant_id) VALUES (191, '2025-04-25', 'Lasanha vegetariana', 14, 1);
INSERT INTO meal (id, date, description, available_quantity, restaurant_id) VALUES (192, '2025-04-25', 'Tofu grelhado', 30, 1);
INSERT INTO meal (id, date, description, available_quantity, restaurant_id) VALUES (193, '2025-04-26', 'Arroz de pato', 13, 1);
INSERT INTO meal (id, date, description, available_quantity, restaurant_id) VALUES (194, '2025-04-26', 'Caril de grão', 28, 1);
INSERT INTO meal (id, date, description, available_quantity, restaurant_id) VALUES (195, '2025-04-26', 'Lasanha vegetariana', 17, 1);
INSERT INTO meal (id, date, description, available_quantity, restaurant_id) VALUES (196, '2025-04-26', 'Frango assado', 26, 1);
INSERT INTO meal (id, date, description, available_quantity, restaurant_id) VALUES (197, '2025-04-27', 'Lasanha vegetariana', 15, 1);
INSERT INTO meal (id, date, description, available_quantity, restaurant_id) VALUES (198, '2025-04-27', 'Arroz de pato', 25, 1);
INSERT INTO meal (id, date, description, available_quantity, restaurant_id) VALUES (199, '2025-04-27', 'Sopa de legumes', 22, 1);
INSERT INTO meal (id, date, description, available_quantity, restaurant_id) VALUES (200, '2025-04-27', 'Bacalhau à brás', 19, 1);
INSERT INTO meal (id, date, description, available_quantity, restaurant_id) VALUES (201, '2025-04-28', 'Lasanha vegetariana', 15, 1);
INSERT INTO meal (id, date, description, available_quantity, restaurant_id) VALUES (202, '2025-04-28', 'Esparguete à bolonhesa', 25, 1);
INSERT INTO meal (id, date, description, available_quantity, restaurant_id) VALUES (203, '2025-04-28', 'Feijoada', 26, 1);
INSERT INTO meal (id, date, description, available_quantity, restaurant_id) VALUES (204, '2025-04-28', 'Frango assado', 12, 1);
INSERT INTO meal (id, date, description, available_quantity, restaurant_id) VALUES (205, '2025-04-29', 'Feijoada', 22, 1);
INSERT INTO meal (id, date, description, available_quantity, restaurant_id) VALUES (206, '2025-04-29', 'Caril de grão', 25, 1);
INSERT INTO meal (id, date, description, available_quantity, restaurant_id) VALUES (207, '2025-04-29', 'Esparguete à bolonhesa', 20, 1);
INSERT INTO meal (id, date, description, available_quantity, restaurant_id) VALUES (208, '2025-04-29', 'Sopa de legumes', 14, 1);
INSERT INTO meal (id, date, description, available_quantity, restaurant_id) VALUES (209, '2025-04-30', 'Lasanha vegetariana', 19, 1);
INSERT INTO meal (id, date, description, available_quantity, restaurant_id) VALUES (210, '2025-04-30', 'Caril de grão', 28, 1);
INSERT INTO meal (id, date, description, available_quantity, restaurant_id) VALUES (211, '2025-04-30', 'Tofu grelhado', 23, 1);
INSERT INTO meal (id, date, description, available_quantity, restaurant_id) VALUES (212, '2025-04-30', 'Sopa de legumes', 15, 1);
INSERT INTO reservation (ID, TOKEN, DATE, MENU, USED, QUANTITY, RESTAURANT_ID) VALUES (1206, '0687BB', '2025-04-20', 'Lasanha vegetariana', FALSE, 2, 1);
INSERT INTO reservation (ID, TOKEN, DATE, MENU, USED, QUANTITY, RESTAURANT_ID) VALUES (1207, '07E19A', '2025-04-19', 'Lasanha vegetariana', TRUE, 1, 1);
INSERT INTO reservation (ID, TOKEN, DATE, MENU, USED, QUANTITY, RESTAURANT_ID) VALUES (1208, '051F99', '2025-04-18', 'Frango assado', FALSE, 1, 1);
INSERT INTO reservation (ID, TOKEN, DATE, MENU, USED, QUANTITY, RESTAURANT_ID) VALUES (1209, '066BB3', '2025-04-19', 'Lasanha vegetariana', FALSE, 1, 1);
INSERT INTO reservation (ID, TOKEN, DATE, MENU, USED, QUANTITY, RESTAURANT_ID) VALUES (1210, '0605B7', '2025-04-19', 'Sopa de legumes', FALSE, 3, 1);
INSERT INTO reservation (ID, TOKEN, DATE, MENU, USED, QUANTITY, RESTAURANT_ID) VALUES (1211, '01A217', '2025-04-20', 'Tofu grelhado', FALSE, 3, 1);
INSERT INTO reservation (ID, TOKEN, DATE, MENU, USED, QUANTITY, RESTAURANT_ID) VALUES (1212, '052486', '2025-04-13', 'Caril de grão', FALSE, 2, 1);
INSERT INTO reservation (ID, TOKEN, DATE, MENU, USED, QUANTITY, RESTAURANT_ID) VALUES (1213, '0E24D5', '2025-04-16', 'Tofu grelhado', FALSE, 1, 1);